case,region,processing_status,forced_tasks,task,task_name,expert,prediction,match,error_type,measurement
0001,hip,Success,,hip_position,Укладка бедра,0,1,False,FP,центр: 0.6732489481351429; выступ: 0.0 мм
0001,hip,Success,,overall,Любое нарушение,0,1,False,FP,ИЛИ применимых критериев
0002,hip,Success,,hip_position,Укладка бедра,0,1,False,FP,центр: 0.28802064963963747; выступ: 0.0 мм
0002,hip,Success,,overall,Любое нарушение,0,1,False,FP,ИЛИ применимых критериев
0005,hip,Success,,hip_position,Укладка бедра,0,1,False,FP,центр: 0.5061200887135545; выступ: 0.0 мм
0005,hip,Success,,overall,Любое нарушение,0,1,False,FP,ИЛИ применимых критериев
0006,hip,Success,,hip_position,Укладка бедра,1,0,False,FN,центр: 0.7747541896187098; выступ: 0.0 мм
0006,hip,Success,,overall,Любое нарушение,1,0,False,FN,ИЛИ применимых критериев
0009,hip,Success,,hip_position,Укладка бедра,0,1,False,FP,центр: 1.0623284269804434; выступ: 6.648408849322848 мм
0009,hip,Success,,overall,Любое нарушение,0,1,False,FP,ИЛИ применимых критериев
0011,hip,Success,,hip_position,Укладка бедра,0,1,False,FP,центр: 1.1276488771738082; выступ: 5.39771446524108 мм
0011,hip,Success,,overall,Любое нарушение,0,1,False,FP,ИЛИ применимых критериев
0016,spine,Success,,spine_artifact,Инородные тела,0,1,False,FP,балл детектора: 2.9901175498962402; порог: 0.356898576686534
0016,spine,Success,,overall,Любое нарушение,0,1,False,FP,ИЛИ применимых критериев
0021,spine,Success,,spine_axis,Ось позвоночника,0,1,False,FP,угол: 5.646670301006505°
0021,spine,Success,,overall,Любое нарушение,0,1,False,FP,ИЛИ применимых критериев
0022,hip,Success,,hip_position,Укладка бедра,0,1,False,FP,центр: 1.0120756515958498; выступ: 6.633274338552781 мм
0022,hip,Success,,overall,Любое нарушение,0,1,False,FP,ИЛИ применимых критериев
0025,hip,Success,,hip_position,Укладка бедра,1,0,False,FN,центр: 4.800530936970004; выступ: 2.9904884346091336 мм
0025,hip,Success,,hip_roi,Область интереса бедра,1,0,False,FN,верх: 130.20000000000002 мм; низ: 102.9 мм; латерально: 24.0 мм
0025,hip,Success,,overall,Любое нарушение,1,0,False,FN,ИЛИ применимых критериев
0028,spine,Success,,spine_axis,Ось позвоночника,0,1,False,FP,угол: 8.341466576403059°
0028,spine,Success,,overall,Любое нарушение,0,1,False,FP,ИЛИ применимых критериев
0031,spine,Success,,spine_artifact,Инородные тела,1,0,False,FN,балл детектора: -2.300018548965454; порог: 0.356898576686534
0031,spine,Success,,overall,Любое нарушение,1,0,False,FN,ИЛИ применимых критериев
0046,spine,Success,,spine_axis,Ось позвоночника,1,0,False,FN,угол: 3.92259368015235°
0046,spine,Success,,overall,Любое нарушение,1,0,False,FN,ИЛИ применимых критериев
0047,hip,Success,,hip_position,Укладка бедра,1,0,False,FN,центр: 1.6652890807431477; выступ: 4.79291809503556 мм
0047,hip,Success,,overall,Любое нарушение,1,0,False,FN,ИЛИ применимых критериев
0048,hip,Success,,hip_roi,Область интереса бедра,1,0,False,FN,верх: 75.60000000000001 мм; низ: 48.300000000000004 мм; латерально: 49.8 мм
0054,hip,Success,,hip_position,Укладка бедра,1,0,False,FN,центр: 0.8848918335774592; выступ: 0.0 мм
0054,hip,Success,,overall,Любое нарушение,1,0,False,FN,ИЛИ применимых критериев
0055,spine,Success,,spine_position,Укладка позвоночника,1,0,False,FN,"верх: норма; подвздошные: L=True, R=True"
0055,spine,Success,,overall,Любое нарушение,1,0,False,FN,ИЛИ применимых критериев
0056,hip,Success,,hip_position,Укладка бедра,1,0,False,FN,центр: 0.8217434426904706; выступ: 0.0 мм
0056,hip,Success,,overall,Любое нарушение,1,0,False,FN,ИЛИ применимых критериев
0057,hip,Success,,hip_position,Укладка бедра,1,0,False,FN,центр: 1.395273570004694; выступ: 4.765477509312333 мм
0057,hip,Success,,overall,Любое нарушение,1,0,False,FN,ИЛИ применимых критериев
0058,hip,Success,,hip_roi,Область интереса бедра,1,0,False,FN,верх: 77.7 мм; низ: 30.450000000000003 мм; латерально: 25.2 мм
0058,hip,Success,,overall,Любое нарушение,1,0,False,FN,ИЛИ применимых критериев
0060,hip,Failure,hip_position,hip_position,Укладка бедра,0,1,False,FP,Оценка недоступна; нарушение назначено по принятой политике
0061,hip,Success,,hip_position,Укладка бедра,0,1,False,FP,центр: 1.1025842255610678; выступ: 7.859131949873586 мм
0061,hip,Success,,overall,Любое нарушение,0,1,False,FP,ИЛИ применимых критериев
0062,spine,Success,,spine_position,Укладка позвоночника,0,1,False,FP,"верх: нарушение; подвздошные: L=True, R=True"
0062,spine,Success,,spine_axis,Ось позвоночника,0,1,False,FP,угол: 6.0870223496587075°
0062,spine,Success,,overall,Любое нарушение,0,1,False,FP,ИЛИ применимых критериев
0063,hip,Success,,hip_position,Укладка бедра,0,1,False,FP,центр: 0.9077607003591988; выступ: 6.047123640725488 мм
0063,hip,Success,,overall,Любое нарушение,0,1,False,FP,ИЛИ применимых критериев
0068,hip,Success,,hip_position,Укладка бедра,0,1,False,FP,центр: 1.1713680549423005; выступ: 5.999084979146787 мм
0068,hip,Success,,hip_roi,Область интереса бедра,1,0,False,FN,верх: 61.95 мм; низ: 56.7 мм; латерально: 21.0 мм
0069,hip,Success,,hip_position,Укладка бедра,0,1,False,FP,центр: 0.9774619728335074; выступ: 5.394126050830764 мм
0069,hip,Success,,overall,Любое нарушение,0,1,False,FP,ИЛИ применимых критериев
0075,spine,Success,,spine_artifact,Инородные тела,0,1,False,FP,балл детектора: 6.495589733123779; порог: 0.356898576686534
0075,spine,Success,,overall,Любое нарушение,0,1,False,FP,ИЛИ применимых критериев
0080,spine,Success,,spine_artifact,Инородные тела,0,1,False,FP,балл детектора: 0.8473678827285767; порог: 0.356898576686534
0080,spine,Success,,overall,Любое нарушение,0,1,False,FP,ИЛИ применимых критериев
0084,hip,Success,,hip_position,Укладка бедра,1,0,False,FN,центр: 0.746862776832796; выступ: 0.0 мм
0084,hip,Success,,overall,Любое нарушение,1,0,False,FN,ИЛИ применимых критериев
0087,hip,Success,,hip_position,Укладка бедра,1,0,False,FN,центр: 0.8364431209972432; выступ: 1.199976303417074 мм
0087,hip,Success,,overall,Любое нарушение,1,0,False,FN,ИЛИ применимых критериев
0093,hip,Success,,hip_position,Укладка бедра,0,1,False,FP,центр: 0.5116233792355842; выступ: 0.0 мм
0093,hip,Success,,overall,Любое нарушение,0,1,False,FP,ИЛИ применимых критериев
0094,hip,Success,,hip_position,Укладка бедра,0,1,False,FP,центр: 0.5863797366622419; выступ: 0.0 мм
0094,hip,Success,,overall,Любое нарушение,0,1,False,FP,ИЛИ применимых критериев
0109,hip,Success,,hip_position,Укладка бедра,1,0,False,FN,центр: 1.5123730482479214; выступ: 0.599718443579377 мм
0109,hip,Success,,overall,Любое нарушение,1,0,False,FN,ИЛИ применимых критериев
0113,hip,Success,,hip_position,Укладка бедра,1,0,False,FN,центр: 0.7057771779033201; выступ: 1.1997391421925556 мм
0113,hip,Success,,overall,Любое нарушение,1,0,False,FN,ИЛИ применимых критериев
0118,hip,Success,,hip_position,Укладка бедра,0,1,False,FP,центр: 1.0559174361813892; выступ: 5.393824527613617 мм
0118,hip,Success,,overall,Любое нарушение,0,1,False,FP,ИЛИ применимых критериев
0120,spine,Success,,spine_position,Укладка позвоночника,0,1,False,FP,"верх: нарушение; подвздошные: L=True, R=True"
0120,spine,Success,,overall,Любое нарушение,0,1,False,FP,ИЛИ применимых критериев
0126,spine,Success,,spine_artifact,Инородные тела,0,1,False,FP,балл детектора: 1.3196568489074707; порог: 0.356898576686534
0126,spine,Success,,overall,Любое нарушение,0,1,False,FP,ИЛИ применимых критериев
0127,spine,Success,,spine_artifact,Инородные тела,1,0,False,FN,балл детектора: -2.5965585708618164; порог: 0.356898576686534
0127,spine,Success,,overall,Любое нарушение,1,0,False,FN,ИЛИ применимых критериев
0129,hip,Success,,hip_position,Укладка бедра,0,1,False,FP,центр: 1.0345730769504542; выступ: 5.386513548485254 мм
0129,hip,Success,,overall,Любое нарушение,0,1,False,FP,ИЛИ применимых критериев
0132,hip,Success,,hip_roi,Область интереса бедра,1,0,False,FN,верх: 64.05 мм; низ: 31.5 мм; латерально: 35.4 мм
0132,hip,Success,,overall,Любое нарушение,1,0,False,FN,ИЛИ применимых критериев
0133,spine,Success,,spine_axis,Ось позвоночника,1,0,False,FN,угол: 3.903927749780736°
0133,spine,Success,,overall,Любое нарушение,1,0,False,FN,ИЛИ применимых критериев
0139,hip,Success,,hip_roi,Область интереса бедра,0,1,False,FP,верх: 61.95 мм; низ: 115.5 мм; латерально: 17.4 мм
0139,hip,Success,,overall,Любое нарушение,0,1,False,FP,ИЛИ применимых критериев
0143,hip,Success,,hip_roi,Область интереса бедра,0,1,False,FP,верх: 67.2 мм; низ: 109.2 мм; латерально: 16.8 мм
0143,hip,Success,,overall,Любое нарушение,0,1,False,FP,ИЛИ применимых критериев
0144,hip,Success,,hip_position,Укладка бедра,0,1,False,FP,центр: 1.0900517330846902; выступ: 7.2713794577602755 мм
0144,hip,Success,,overall,Любое нарушение,0,1,False,FP,ИЛИ применимых критериев
0148,hip,Success,,hip_roi,Область интереса бедра,0,1,False,FP,верх: 81.9 мм; низ: 99.75 мм; латерально: 14.399999999999999 мм
0148,hip,Success,,overall,Любое нарушение,0,1,False,FP,ИЛИ применимых критериев
0150,spine,Success,,spine_position,Укладка позвоночника,0,1,False,FP,"верх: нарушение; подвздошные: L=True, R=True"
0150,spine,Success,,overall,Любое нарушение,0,1,False,FP,ИЛИ применимых критериев
0155,hip,Success,,hip_position,Укладка бедра,0,1,False,FP,центр: 0.6985394586684703; выступ: 2.9998993056033214 мм
0155,hip,Success,,overall,Любое нарушение,0,1,False,FP,ИЛИ применимых критериев
0158,spine,Success,,spine_axis,Ось позвоночника,1,0,False,FN,угол: 2.7659196913851916°
0158,spine,Success,,overall,Любое нарушение,1,0,False,FN,ИЛИ применимых критериев
0166,hip,Success,,hip_position,Укладка бедра,0,1,False,FP,центр: 0.6549838270343871; выступ: 2.4000000000000057 мм
0166,hip,Success,,overall,Любое нарушение,0,1,False,FP,ИЛИ применимых критериев
0169,hip,Success,,hip_position,Укладка бедра,1,0,False,FN,центр: 1.3120699067632169; выступ: 3.647091379410824 мм
0169,hip,Success,,overall,Любое нарушение,1,0,False,FN,ИЛИ применимых критериев
0171,hip,Success,,hip_position,Укладка бедра,1,0,False,FN,центр: 0.7324858005337429; выступ: 4.136746117483881 мм
0171,hip,Success,,overall,Любое нарушение,1,0,False,FN,ИЛИ применимых критериев
0176,spine,Success,,spine_axis,Ось позвоночника,1,0,False,FN,угол: 3.0072111095088934°
0176,spine,Success,,spine_artifact,Инородные тела,1,0,False,FN,балл детектора: -0.8105374574661255; порог: -0.3443075095242355
0176,spine,Success,,overall,Любое нарушение,1,0,False,FN,ИЛИ применимых критериев
0178,spine,Success,,spine_axis,Ось позвоночника,0,1,False,FP,угол: 5.313223891043979°
0178,spine,Success,,overall,Любое нарушение,0,1,False,FP,ИЛИ применимых критериев
0179,hip,Success,,hip_position,Укладка бедра,0,1,False,FP,центр: 1.3943981431018904; выступ: 5.999870282027032 мм
0179,hip,Success,,overall,Любое нарушение,0,1,False,FP,ИЛИ применимых критериев
0180,spine,Success,,spine_axis,Ось позвоночника,0,1,False,FP,угол: 6.010923129279616°
0180,spine,Success,,overall,Любое нарушение,0,1,False,FP,ИЛИ применимых критериев
0198,spine,Success,,spine_axis,Ось позвоночника,1,0,False,FN,угол: 4.3004772643436615°
0198,spine,Success,,overall,Любое нарушение,1,0,False,FN,ИЛИ применимых критериев
0207,spine,Success,,spine_axis,Ось позвоночника,1,0,False,FN,угол: 3.116183973286595°
0207,spine,Success,,overall,Любое нарушение,1,0,False,FN,ИЛИ применимых критериев
0217,spine,Success,,spine_axis,Ось позвоночника,1,0,False,FN,угол: 3.3091539169919804°
0217,spine,Success,,spine_artifact,Инородные тела,1,0,False,FN,балл детектора: -2.8297696113586426; порог: 0.356898576686534
0217,spine,Success,,overall,Любое нарушение,1,0,False,FN,ИЛИ применимых критериев
0221,spine,Success,,spine_axis,Ось позвоночника,1,0,False,FN,угол: 3.5917592853294433°
0226,spine,Success,,spine_artifact,Инородные тела,1,0,False,FN,балл детектора: 0.2677900791168213; порог: 0.356898576686534
0226,spine,Success,,overall,Любое нарушение,1,0,False,FN,ИЛИ применимых критериев
0235,spine,Success,,spine_axis,Ось позвоночника,1,0,False,FN,угол: 4.600112610784225°
0235,spine,Success,,overall,Любое нарушение,1,0,False,FN,ИЛИ применимых критериев
0236,hip,Success,,hip_position,Укладка бедра,0,1,False,FP,центр: 1.2380222131447771; выступ: 6.59423454569631 мм
0236,hip,Success,,overall,Любое нарушение,0,1,False,FP,ИЛИ применимых критериев
0241,spine,Success,,spine_position,Укладка позвоночника,0,1,False,FP,"верх: нарушение; подвздошные: L=True, R=True"
0241,spine,Success,,overall,Любое нарушение,0,1,False,FP,ИЛИ применимых критериев
0248,hip,Success,,hip_position,Укладка бедра,0,1,False,FP,центр: 0.9834933094875041; выступ: 5.382206267316491 мм
0248,hip,Success,,overall,Любое нарушение,0,1,False,FP,ИЛИ применимых критериев
